actorName,actorLink,id
B.J. Hogg,nm0389698,1
Michael Feast,nm0269923,2
David Rintoul,nm0727778,3
Chuku Modu,nm6729880,4
Owen Teale,nm0853583,5
Karl Davies,nm0203801,6
Megan Parkinson,nm8257864,7
Fintan McKeown,nm0571654,8
Philip McGinley,nm1528121,9
Jim Broadbent,nm0000980,10
Deobia Oparei,nm0649046,11
Sahara Knite,nm1783582,12
Nathanael Saleh,nm8127149,13
Luke Roberts,nm1074361,14
Maisie Williams,nm3586035,15
Patrick Malahide,nm0538869,16
Phil Barnhill,nm4207240,17
Ian McElhinney,nm0568400,18
Joseph Mawle,nm1152798,19
Eline Powell,nm4730958,20
Gerard Jordan,nm0429956,21
Forbes KB,nm1978998,22
Tim Plester,nm1043031,23
Leigh Gill,nm5279916,24
Michael Condron,nm1638006,25
Isaac Hempstead Wright,nm3652842,26
Gemita Samarra,nm5106314,27
Gwendoline Christie,nm3729225,28
Jerome Flynn,nm0283492,29
Ian McShane,nm0574534,30
Clive Russell,nm0751085,31
Michael Grennell,nm1214477,32
Michelle Fairley,nm0265610,33
Lalor Roddy,nm0734498,34
Lena Headey,nm0372176,35
Alice Hewkin,nm2456829,36
Frank Hvam,nm0404809,37
Darren Killeen,nm4007028,38
Robert Pugh,nm0700059,39
Emilia Clarke,nm3592338,40
Ralph Ineson,nm0408591,41
Maisie Dee,nm3996678,42
Liam Cunningham,nm0192377,43
Ian Whyte,nm1613839,44
Alisdair Simpson,nm1368037,45
Tony Way,nm0915453,46
Alexander Siddig,nm0796502,47
Roxanne McKee,nm1861467,48
Diogo Sales,nm6088160,49
Junade Khan,nm2999602,50
David Coakley,nm2231505,51
Jonathan Ryan,nm0752638,52
Sean Bean,nm0000293,53
Ben Crompton,nm0174005,54
Tobias Menzies,nm0580014,55
Indira Varma,nm0890055,56
Barrington Cullen,nm4473207,57
Pilou Asbæk,nm1561982,58
Cedric Henderson,nm2406775,59
Peter Ballance,nm0050520,60
Dermot Keaney,nm0443825,61
Ricky Champ,nm2307468,62
Joe Dempsie,nm1478079,63
Eddie Eyre,nm6793798,64
Hannah Murray,nm2356940,65
Alan Paris,nm3354768,66
Sam Callis,nm0130538,67
Nikovich Sammut,nm2089809,68
Seamus Kelly,nm4440118,69
Julian Glover,nm0002103,70
Peter Silverleaf,nm0798872,71
Davor Jozinovic,nm7318132,72
Ivan Peric,nm3005802,73
Hadi Kermani,nm7318134,74
Tonci Banov,nm7318135,75
Clive Mantle,nm0544139,76
Cliff Barry,nm0057965,77
Mark Stanley,nm4440305,78
Jacob Anderson,nm2760664,79
Roy Dotrice,nm0234541,80
Sabrina Bartlett,nm6301068,81
Sara Dylan,nm2407387,82
Paul Rattray,nm1051151,83
Marc Rissmann,nm4704928,84
Souad Faress,nm0267256,85
David Verrey,nm0894857,86
Paul Bentley,nm0072855,87
Jonathan Pryce,nm0000596,88
Joel Fry,nm2181128,89
Kristian Nairn,nm3964231,90
Christopher Newman,nm0628040,91
Ben Hawkey,nm3444954,92
Leo Woodruff,nm4547262,93
Jefferson Hall,nm2131630,94
Roger Allam,nm0019885,95
Wilko Johnson,nm3330122,96
Amrita Acharia,nm3822505,97
Richard E. Grant,nm0001290,98
Paul Caddell,nm4781280,99
Nikolaj Coster-Waldau,nm0182666,100
Dominic Carter,nm0141582,101
Tom Wlaschiha,nm0937239,102
Patrick O'Kane,nm0641433,103
Jeffrey O'Brien,nm4475335,104
James Cosmo,nm0181920,105
Sarita Piotrowski,nm4424689,106
Jack Gleeson,nm0322416,107
Thomas Brodie-Sangster,nm1032473,108
John Standing,nm0822062,109
Kit Harington,nm3229685,110
Gerry O'Brien,nm0639569,111
Iain Glen,nm0322513,112
Jamie Sives,nm0803397,113
Kelly Long,nm4958677,114
Burn Gorman,nm1218607,115
Birgitte Hjort Sørensen,nm2171898,116
Pixie Le Knot,nm4768858,117
Tim Landers,nm2461009,118
Ian Gelder,nm0312245,119
Jason Momoa,nm0597388,120
Joseph Naufahu,nm0622533,121
Andrei Claude,nm3040811,122
Raymond Griffiths,nm0341739,123
Dean Whatton,nm2482781,124
George Appleby,nm3338062,125
Maxwell Laird,nm3453345,126
Reg Wayment,nm1168404,127
Marko Juraga,nm0432837,128
Rea Separovic,nm5037688,129
Ania Bukstein,nm0119804,130
Lucy Hayes,nm8314450,131
Patrick Ryan,nm3122423,132
Paddy Rocks,nm0734304,133
Steven Cole,nm0170799,134
Dan Hildebrand,nm0383835,135
Kevin Keenan,nm4450657,136
Essie Davis,nm0204583,137
Eugene Simon,nm1638294,138
Aiden Condron,nm0174449,139
Richard Laing,nm0481924,140
Conor Delaney,nm1406364,141
Simon Stewart,nm4492930,142
Chris Gallagher,nm3292422,143
Christian Vit,nm5908524,144
Jóhannes Haukur Jóhannesson,nm1778512,145
Vinnie McCabe,nm0564516,146
Sarine Sofair,nm3330066,147
Samuel Paul Small,nm6537691,148
Tristan Mercieca,nm4475204,149
Michael Nevin,nm8127150,150
Jesse Magee,nm8127151,151
Iona Clarke,nm8133415,152
Lucy Gallagher,nm8127152,153
Fionn Kernan,nm6462692,154
Zachary Baharov,nm1707712,155
Noah Taylor,nm0852965,156
Elizabeth Cadwallader,nm5502252,157
Eros Vlahos,nm2869309,158
Finn Jones,nm3645691,159
Mark Coney,nm5651524,160
Gordon Fulton,nm1101680,161
Conleth Hill,nm0384152,162
Jer O'Leary,nm0641596,163
Steve Cash,nm3524836,164
Robert Fawsitt,nm6342915,165
Bella Ramsey,nm8165602,166
Aisling Franciosi,nm4957233,167
Kate Dickie,nm0225483,168
Roger Ashton-Griffiths,nm0004355,169
Peter Vaughan,nm0891092,170
Oliver Ford Davies,nm0203882,171
Donald Sumpter,nm0838910,172
Richard Rycroft,nm1483416,173
Neil Fingleton,nm2807170,174
Jodhi May,nm0562003,175
Ivailo Dimitrov,nm2162079,176
Dennis Stokes,nm4982614,177
Adewale Akinnuoye-Agbaje,nm0015382,178
Ciarán Hinds,nm0001354,179
James Doran,nm0243696,180
Conor Watters,nm6442298,181
Josephine Gillan,nm4982706,182
Natalie Dormer,nm1754059,183
Aisling Jarrett-Gavin,nm2983094,184
Emun Elliott,nm2047170,185
Dean-Charles Chapman,nm2835616,186
Susie Kelly,nm3126053,187
Kerr Logan,nm4523680,188
Ellie Kendrick,nm1697771,189
Laurence Doherty,nm2911170,190
Samantha Spiro,nm0819087,191
Carice van Houten,nm0396924,192
Gary Pillai,nm0997747,193
Mark Killeen,nm2075330,194
Ian Beattie,nm0064155,195
Antonia Christophers,nm4460936,196
Boyd Rankin,nm4595425,197
Elisa Lasowski,nm2489799,198
Mia Soteriou,nm0815420,199
Nathalie Emmanuel,nm2812026,200
Ciaran Bermingham,nm2197118,201
Reece Noi,nm0634139,202
Nanna Bryndís Hilmarsdóttir,nm5652293,203
Jon Thor Birgisson,nm1743706,204
Ragnar Þórhallsson,nm5652121,205
Orri P. Dyrason,nm1743714,206
Georg Holm,nm1743730,207
Arnar Rosenkranz Hilmarsson,nm8158202,208
Brynjar Leifsson,nm8158203,209
Kristján Kristjánsson,nm1944894,210
Rhodri Hosking,nm4430905,211
Charlotte Hope,nm3745225,212
Harry Grasby,nm9132255,213
Barry John O'Connor,nm3226454,214
Frank O'Sullivan,nm0642751,215
Dennis McKeever,nm4475182,216
Michael Stuart,nm5792452,217
Marcus Lamb,nm2228622,218
Michael Hooley,nm6706699,219
Patrick J Molloy,nm3561455,220
Michael Hayes,nm0371160,221
Ruairí Heading,nm6316115,222
Tony Flynn,nm0283642,223
Jed Murray,nm5697839,224
Jessica Henwick,nm3725055,225
Keisha Castle-Hughes,nm1095720,226
Pedro Pascal,nm0050959,227
Margaret John,nm0424191,228
Gina Moxley,nm0610312,229
Diana Rigg,nm0001671,230
Brenock O'Connor,nm5282143,231
Will Tudor,nm4831584,232
Mackenzie Crook,nm0188871,233
Hannah John-Kamen,nm4789912,234
Natalia Tena,nm1164730,235
Brian Fortune,nm1987270,236
Rania Zouari,nm4422639,237
Aidan Gillen,nm0318821,238
Daniel Portman,nm4535552,239
Andy Kellegher,nm3464945,240
Ramon Tikaram,nm0863130,241
Ian Hanmore,nm0360171,242
Josef Altin,nm1086981,243
Staz Nair,nm7047874,244
Simon Armstrong,nm1409802,245
Dar Salim,nm1502469,246
Laura Pradelska,nm3671418,247
Anton Lesser,nm0504320,248
Elyes Gabel,nm1175468,249
Iwan Rheon,nm3701064,250
James Faulkner,nm0269077,251
Luke Barnes,nm4430828,252
George Georgiou,nm1745190,253
Hugo Culverhouse,nm4164318,254
Melanie Liburd,nm4927489,255
Rila Fukushima,nm3822462,256
Gethin Anthony,nm2167445,257
Art Parkinson,nm3280686,258
Richard Madden,nm0534635,259
Mark Addy,nm0004692,260
Tim McInnerny,nm0570570,261
Lino Facioli,nm2996220,262
Ron Donachie,nm0231871,263
Michael McElhatton,nm0568385,264
Andy Beckwith,nm0065874,265
Esmé Bianco,nm2657974,266
Alexandra Dowling,nm5093301,267
Robert Sterne,nm1414435,268
Bryan McCaugherty,nm0565472,269
Lucian Msamati,nm1748634,270
John Bradley,nm4263213,271
Rory McCann,nm0564920,272
Sophie Turner,nm3849842,273
Maggie Hayes,nm1378629,274
Susan Brown,nm0114742,275
Mary Jordan,nm1103771,276
Hannah Waddingham,nm1821446,277
Kenneth Hadley,nm0352901,278
Terry Byrne,nm0126298,279
Dez McMahon,nm4757478,280
Sibel Kekilli,nm1402546,281
Mark Lewis Jones,nm0428765,282
Kerry Ingram,nm5081192,283
Slavko Juraga,nm0432838,284
Dean S. Jagger,nm2746504,285
Nicholas Blane,nm0087432,286
Stephen Dillane,nm0226820,287
Michael Stuart,nm5792452,288
Faolan Morgan,nm4335246,289
Rick Burn,nm4492916,290
David Sheehan,nm1423916,291
Paul Monahan,nm5981376,292
Jamie Michie,nm1652341,293
Colin Carnegie,nm1794801,294
Stephen Don,nm1651043,295
Yuri Kolokolnikov,nm0464305,296
Miltos Yerolemou,nm1115654,297
Oona Chaplin,nm2772105,298
Rebecca Benson,nm5039410,299
Gary Oliver,nm1146807,300
Bart the Bear,nm1212069,301
Anthony Morris,nm1677757,302
Faye Marsay,nm3849670,303
Joseph Gatt,nm1395532,304
Alfie Allen,nm0654295,305
Oengus MacNamara,nm0534062,306
Paul Kaye,nm0443373,307
Tobias Winter,nm4385245,308
Andrew Wilde,nm0928408,309
Will O'Connell,nm3727276,310
Phil Dixon,nm4475303,311
Kristofer Hivju,nm1970465,312
Toby Sebastian,nm4514519,313
Mark Gatiss,nm0309693,314
Rosabell Laurenti Sellers,nm3065809,315
Peter Dinklage,nm0227759,316
Charles Dance,nm0001097,317
Meena Rayann,nm5159884,318
Brendan McCormack,nm1788152,319
Graham Charles,nm1378721,320
Harry Lloyd,nm0516003,321
Elizabeth Webster,nm3531913,322
David Bradley,nm0103195,323
Barry O'Connor,,324
Lottie Steer,nm5390029,325
Rob Ostlere,nm3209935,326
Sigur Rós,nm1460176,327
Ian Whyte,nm1613839,328
Ross Mullan,nm1368643,329
Tim Loane,nm0516385,330
Spencer Wilding,nm1872855,331
Claire Wright,nm4422708,332
Michael Patrick,nm8199963,333
Bronson Webb,nm0916037,334
Timothy Gibbons,nm5624523,335
Ryan McKenna,nm4416560,336
Simon Lowe,nm0523047,337
Donagh Deeney,nm0214343,338
Ian Whyte,nm1613839,339
Sam Coleman,nm4744043,340
Nonso Anozie,nm1996829,341
Gemma Whelan,nm2247629,342
Enzo Cilenti,nm0162281,343
Rose Leslie,nm3310211,344
Rupert Vansittart,nm0889338,345
Francis Magee,nm0535837,346
Matteo Elezi,nm5502295,347
Nell Williams,nm5309709,348
Cordelia Hill,nm8108764,349
Annette Tierney,nm1519719,350
Robert Aramayo,nm7075019,351
Sebastian Croft,nm7509185,352
Fergus Leathem,nm7509186,353
Gerald Lepkowski,nm0503319,354
